dose,Response
0.000001,0.234274551
0.000005,0.464273535
0.00001,0.622937895
0.00005,1.229803442
0.0001,1.645760114
0.0005,3.216803959
0.001,4.275730802
0.005,8.149328409
0.01,10.65324528
0.05,19.14877288
0.1,24.14394551
1,45.93530466
5,62.7928629
10,69.40047166
15,72.94443774
20,75.29628794
25,77.02333058
30,78.37023224
40,80.37731309
50,81.83483549
60,82.9620761
70,83.8711764
80,84.62665105
90,85.26876644
100,85.82420985
